prompt,candidate_id,response,simplicity_reward,balanced_reward,readability,avg_sentence_length,avg_word_length,response_length,lexical_diversity,completeness,repetition
Explain machine learning in simple words.,0,"The goal of this project was to create a proof-of--and hopefully, more efficient -- way for you and your teams to quickly identify concepts that might be interesting or complex using only just one keyword: semantic markup language (MSS). You could use the following code snippet as an example if it worked well enough with our algorithm :
( defn list [ data ] ([ self , key1 ], { 'label' => val ; }) # let's build some text over each value ... end ) @xmlns 1 2 3 4 5 6 7 8 9 10 11 12 13 14 15 16",0.28172148718325907,0.39219038530239986,57.852575757575764,34.0,3.8155339805825244,103,0.945054945054945,0.2857142857142857,0.0
Explain machine learning in simple words.,1,,0.35,-0.3,0.0,0.0,0.0,0,0.0,0.0,0.0
Explain machine learning in simple words.,2,"You can also get it here: https://docs-gcc.org/documentation?id=1167
Languages and Tools for Artificial Intelligence (learners' tools) For all AI professionals, this is a great starting point to learn how artificial intelligence works as well as what will be possible with the technologies required of such an approach at any given time… Free View out",0.20376778377967136,0.2691537230458221,33.084669811320765,18.333333333333332,5.6415094339622645,53,0.9152542372881356,0.14285714285714285,0.0
Explain machine learning in simple words.,3,"The final part of this article describes how to use C++11 for Machine Learning, a major project I worked on at Microsoft from 2010-2011 and the most important one since then!",0.3692623996668182,0.3414595622119816,58.021612903225815,31.0,4.645161290322581,31,0.9696969696969697,0.14285714285714285,0.0
What is a neural network for a beginner?,0,"A brain scan, if you will, helps identify which neurons are involved. The question now becomes how do the brains of experienced users be better trained than those that aren't so good at understanding what's going on in their minds and body (and then learn to react appropriately).
-Anecdotal evidence suggests: ""It may very well happen we'll all find our way up this list."" I think it would benefit us not only by finding an easy approach but also because most people tend towards more formal work rather soon after starting out or simply learning about something online through reading books! So as",0.2479737504101886,0.36021774878640783,53.38807038834955,20.8,4.825242718446602,103,0.9622641509433962,0.25,0.0
What is a neural network for a beginner?,1,"One of the big challenges that beginners face in training with machines learning algorithms and deep architectures comes from getting started. A lot of people think about what goes into programming as ""the language"". To be clear, I am not advocating something simple like Python's C++ library or Ruby on Rails which isn't very cool to read if you are just familiar enough – but rather using techniques such tl;dr programs often go way beyond basics when it come up at all! It would probably take me far too long though even doing some basic knowledge-building research before diving right back inside those tools will help",0.23638405145755648,0.31691882580862546,51.276964285714314,26.5,4.877358490566038,106,0.963302752293578,0.125,0.0
What is a neural network for a beginner?,2,"A Neural Network provides the basics of an intelligent system to assist you with learning. It also helps developers understand how your coding language will look, and provide examples in what it might be used by others on their team as well. You can learn more about this basic set-up here: http://technetworkstationfoundationgreenendframework2/learning-the...",0.24822893441099975,0.2891907051282052,44.445512820512846,17.333333333333332,5.9423076923076925,52,0.9285714285714286,0.125,0.0
What is a neural network for a beginner?,3,"As you can see, it's pretty basic: an object that performs the following actions in parallel. Here are some examples from my own experience with Neural Networks (click on any of them):",0.37710590277777783,0.30481562500000003,61.05125000000001,16.0,4.78125,32,1.0,0.0,0.0
Explain reinforcement learning simply.,0,"If it works for you, then make sure that the training your brain is capable of doing doesn't break down into a single code snippet or function by individual parts and sub-parts (think about an 8×8 computer). Instead start out with some simple tasks like selecting colors based on their shape to identify which areas are good enough!
The next step should be getting familiarizing yourself when performing repetitive exercises such as running one round at 100% intensity in order not get overwhelmed all over again; instead find ways around these repetitions so much easier during exercise sessions rather than just focusing on this tiny bit",0.16072518559202797,0.2338631289308177,33.6961949685535,35.333333333333336,5.037735849056604,106,0.9541284403669725,0.0,0.0
Explain reinforcement learning simply.,1,"Imagine you are teaching a class of students how to control an airplane using the basic principles, and then it gets even more complicated for them because they have no idea what kind is right!
Posted by: Jack",0.37357709176788134,0.31192763157894743,62.87631578947371,19.0,4.526315789473684,38,1.0,0.0,0.0
Explain reinforcement learning simply.,2,"In addition, for a more advanced training set the following techniques can be used: In-person performance tests such as these may also have some success if done in advance and on time (such testing is useful to minimize distractions). Also check out other articles like this one by John Gough that explore how an exercise program works when you are doing it yourself!",0.2715398896208969,0.3193864087301587,49.976785714285725,31.5,4.841269841269841,63,0.9375,0.14285714285714285,0.0
Explain reinforcement learning simply.,3,"The challenge of the first approach is to define a type that can be generalized within each neural network, in such an way as to allow for large-scale implementation and robustness analysis (Gottlieb et al., 2006; Gettelman et Hulstmann & Mollerman 1994). The question then arises: how do we describe our theory based on what has already been shown? In this respect, it may serve as useful guidance with regards classification problems facing various types [e]. This will help us better understand whether certain generalization rules should apply across different networks or instead identify specific",0.205797344054581,0.2559088157894737,43.753000000000014,19.2,5.347368421052631,95,0.9263157894736842,0.0,0.0
What is blockchain in plain English?,0,"What are the risks, what should I do about it and how will my financial privacy be affected?""


 ""It's an interesting idea but there has been a lot of talk that you don't really need to get your hands dirty with this sort-of stuff because if something goes wrong (in banking) then everyone knows who was involved. But we can control everything.""

""So where does all this money come from now when people haven´t seen their deposits taken away by banks or other institutions until they know exactly which ones have already sent them out so far?"", says David Nellis",0.3184041666666668,0.3264525000000001,68.94100000000005,20.6,4.59,100,0.9326923076923077,0.0,0.0
What is blockchain in plain English?,1,"If you don't know what it's for, read up on the basics. Blockchain represents a network of digital assets and transactions that can be traded using any way imaginable from your smartphone or tablet to online payment service providers such as PayPal (paypal). The most common method used by banks are credit cards , which allow customers with money transfers like bank accounts but also often carry additional fees associated if they attempt an out-of-$200 transfer over those same lines."" ""As well - bitcoin has recently become more widely available internationally compared against traditional currencies,"" says David Fenton, founder at CoinMarketCap",0.15861487348867875,0.358710439034975,33.87738636363639,25.5,5.455445544554456,101,0.9514563106796117,0.42857142857142855,0.0
What is blockchain in plain English?,2,"To the uninitiated, this refers to what has been called a ""digital currency"". The word bitcoin comes from its decentralized and private nature. Anyone can buy bitcoins or exchange them for other cryptocurrencies at any time of day. In fact, there's no need for you to know how much money somebody wants (e-wallet), even if it could be up to $10 million - only people with some knowledge on cryptocurrency issues would understand that as well. But Bitcoin does have one big advantage over traditional currencies: It doesn't require anyone trying an online banking service like Mt Gox just yet to",0.24620361017484732,0.326113751768034,52.86700000000002,20.2,4.891089108910891,101,0.912621359223301,0.14285714285714285,0.0
What is blockchain in plain English?,3,"First, here's a basic idea: decentralized applications are not just the next frontier for mobile apps. They also represent an opportunity to build more powerful distributed systems and processes than ever before (like Twitter or Facebook). These kinds of technologies have been around since time immemorial; there were even examples early on when smart contracts could be used as payment solutions by banks — but they quickly turned into ""disruptive"" products that created their own problems with people using them every day. The best known example involves Bitcoin itself, which was designed from start-to/bottom up based upon consensus between parties",0.16517698863636365,0.2764233360389611,35.58647727272728,25.0,5.54,100,0.9705882352941176,0.14285714285714285,0.0
Explain cloud computing to a school student.,0,"The system was designed for students who would take on an additional project or work in the lab, but it isn't necessary as many of them will only be able use their computer when they're ready and don' mind having some time off between classes while doing other things besides watching TV at home rather than all day long classwork with friends (as opposed that can happen if you do anything more intensive), so I think this is probably what's required most out there…",0.044331797235023035,0.1542857142857143,0.0,84.0,4.571428571428571,84,0.9770114942528736,0.0,0.0
Explain cloud computing to a school student.,1,"""What this means is that if we put in all the computational power, what's possible?"" he said, ""you can have something like an online learning environment.""",0.4152045454545455,0.31685,66.74000000000002,9.333333333333334,5.0,26,0.9629629629629629,0.0,0.0
Explain cloud computing to a school student.,2,"'You can't go anywhere without being taught by an educator,' she said.
- In April, the National Institute for Education released its annual report on education reform called ""The New School"" which ranked teachers as one of three key indicators in public schools (and also listed how they fared when compared with their peers). A recent study commissioned by NEDU found that only 14 percent had at least some experience working outside and 24% were employed within four years after receiving this certificate from government agencies or businesses; just under half worked longer hours than those who could pay them higher wages – more so",0.1724783692296248,0.2404893203883496,36.4623948220065,35.0,5.066666666666666,105,0.9519230769230769,0.0,0.0
Explain cloud computing to a school student.,3,": The new design of the desktop computer was intended for use with computers in classrooms, but not laptops or tablets; it's still quite primitive and much more advanced than most modern devices like phones (where you don't actually need anything other then your head).",0.22867368538324429,0.2333806818181819,33.35227272727275,45.0,5.0,45,0.9782608695652174,0.0,0.0
What is overfitting in machine learning?,0,"What are they thinking when it comes to predicting the future and what will be their next goal?""
- Michael Moore, chief scientist at Google's DeepMind team",0.4831603520857253,0.4026024420024421,83.0092307692308,14.0,4.777777777777778,27,0.9629629629629629,0.14285714285714285,0.0
What is overfitting in machine learning?,1,"You probably don't know. However, there's a lot of information you can gain from an algorithm and its properties that makes it suitable for your needs because the underlying data itself looks like something ordinary: An object with no features (or even any kind) does not matter as long ago AS-AS are still relevant to what we want or need so far at least when solving our problems; some things look interesting now but were just then discarded due their nonlinearity which was important if anything else would have changed this year! In fact many people use Machine Learning only through algorithms called predictive model building",0.18499405351655626,0.462776201707098,39.282987421383694,35.333333333333336,4.971698113207547,106,0.9541284403669725,0.7142857142857143,0.0
What is overfitting in machine learning?,2,"We will focus on the following areas:
1. Using linear regression to solve problems for real data and model selection (see below). 2-3) The general purpose of Machine Learning, especially predictive models; 4), modeling such things as classifier or filter techniques which are needed when we want a continuous value but not necessarily predict it accurately from one point across time/time distribution systems — like Dijkstra's generalized polynomial theorem(s)) 5) Neural networks that perform an algorithm either alone using different algorithms with high power at very low latency points etc.; 6a.) Models whose best",0.10934839737269393,0.41161244086430043,21.313669354838737,19.2,5.595744680851064,94,0.9381443298969072,0.7142857142857143,0.0
What is overfitting in machine learning?,3,"The above statement should be taken with a grain of salt. In this case, the idea that every single computation will go to something else (which makes sense given how often you can use your favorite programming language on it), seems very naïve and misguided at best. But what if we could also consider data structures as well... The answer would seem to lie somewhere along these lines: Data Structures are not just some sort ""magic bullet"" for understanding artificial intelligence or AI algorithms - they're actually an important tool used by researchers looking to understand their own codebase so far! So let's start from",0.25027187065807766,0.3729844688644689,54.75569230769233,21.0,4.961904761904762,105,0.9339622641509434,0.2857142857142857,0.0
Explain an API in simple terms.,0,"Now that you have a basic understanding of the concept, let's start with some example code to display what we need:",0.4478653395784544,0.3264904761904763,68.69142857142859,21.0,4.523809523809524,21,1.0,0.0,0.0
Explain an API in simple terms.,1,"(or a combination thereof) { or } => {{{} = @(elem(""I""), ...):$1}}; if ($value |= '0') [('|'=> 1)] -> do return $2 else get_function()->do:if($Value, ""Hello"", 0)} .then((var e){@([[])]=}) var rb=$5 for i=[].length - 3 ;rb>- 7 echo '(This is the function that returns your value from `jQuery`. It was not called.)'.split(); print ""\",0.37236587413362776,0.32783279289161915,72.18972093023257,8.0,5.264150943396227,53,0.803921568627451,0.0,0.0
Explain an API in simple terms.,2,"You can even use the interface of a website to generate and publish content from data, which is known as ""data mining"". It's basically just using that new technology or techniques for generating images by hashing (as opposed: making them more interesting) HTML files on top of what you see online - this gives it unique access without exposing your users' private information like their name-value pairs!",0.21128311606791886,0.3289347063384378,37.46727272727276,33.5,5.044776119402985,67,0.9264705882352942,0.2857142857142857,0.0
Explain an API in simple terms.,3,"The first part of the code above can be found on github, here: https://githubusercontent/bobotzus/kop-python2 - It's pretty much 100% boilerplate for python 2 and 3 using pypy (http:/www?p=53477) but with a few more features added by Google we've gotten around this somewhat quickly! The rest is completely trivial to add so if you want just start from scratch do it yourself :) You could even take your own Python app or use kpop_main__ as root without any extra steps ;) Also",0.30144197364083747,0.30654246201329544,62.22192307692312,27.333333333333332,4.901234567901234,81,0.9425287356321839,0.0,0.0
What is a database?,0,"What does it look like when you open and edit the file that was created by someone else, or whether there's an error message about its existence while editing your own files as well?""


""It doesn't really matter. The only time I see 'open' in this way are once every four years to one year.""
 (Shopper: ""How many times have we seen something changed due for deletion?)
...that means they don´t delete everything at all!""",0.36741413043478277,0.3428316666666667,75.42600000000003,11.285714285714286,4.573333333333333,75,0.9358974358974359,0.0,0.0
What is a database?,1,"A website that offers information on the products or services to be sold. The site uses data from various sources including surveys and research sites, such as social media websites like Facebook; private email lists online with companies in Europe (and Canada); news aggregators using third-party databases where we use different formats for sharing our content: e-mail accounts accessed through Twitter alone [1] ; mobile phone account names associated only with certain providers of video streaming service provider apps . These are called ""revenue"" stores , which allow customers to get more than 50 percent off their current purchase price by logging into",0.11708023975754563,0.29180369509939896,24.10566666666668,34.0,5.41747572815534,103,0.9607843137254902,0.2857142857142857,0.0
What is a database?,2,"A Database represents an object and its data. It contains one or more tables, columns, relationships, objects that are the result of mutation for each table entry in it which might be used to create new ones as well (for instance :table ""hello world"") but without having too much information about them from other fields; this value may also contain values pertaining to additional field types such like:columns {} . For example - name , type =name + 4 ; ... etc... databases can then use these special parameters on their own using 'get' function(data) where we'll return",0.22879470151354853,0.3572746026295133,48.011881868131866,19.2,4.846938775510204,98,0.9148936170212766,0.2857142857142857,0.0
What is a database?,3,"The primary advantage of this article will be to outline some basic concepts about how we use relational databases. One idea that I have heard people give, which helps me understand the concept better in my own words as well as elsewhere on Stack Overflow and other forums (and also at Medium), isn't using SQLite or any sort ""database abstraction"" for managing data – it's simply an application framework designed with two main goals: providing consistency across all workloads under different scenarios; preventing performance degradation by adding new features such from time-to–time changes so they don`t become more expensive than",0.05252329545454559,0.2090111201298702,7.901590909090942,50.0,5.36,100,0.9423076923076923,0.14285714285714285,0.0
Explain gradient descent simply.,0,"The first thing you need to do is find the best place for a car that has no wheels on it in order so as to avoid getting stuck with any of its wheel arches, or else lose traction and will crash into your path (i think this was where my dad got his mop out while he worked at McDonalds). If there are only 3 cars around then set off one after the other until all three have parked well away from each other; if both vehicles arrive within 4 seconds which makes sense since they'd be doing their own work simultaneously… but also make sure not to get",0.2204507575757576,0.2722795454545455,44.87545454545456,55.0,3.9909090909090907,110,0.9459459459459459,0.0,0.0
Explain gradient descent simply.,1,"For example, a 1×1 grid with 2 rows at the end would not be an optimal solution for achieving this level of detail without compromising performance and efficiency (Fig. 9). Indeed we found that there are two problems associated to gradients:
(i) if you want your cells all arranged in parallel on one row each is better than trying different grids; but even when doing so it seems obvious they're always wrong… especially since their spacing matters too much because most cell positions should never overlap apart! Even worse still, some lines tend towards overlapping due as well from being stretched across very small",0.18891399572649586,0.25005352564102573,39.86756410256413,26.0,4.961538461538462,104,0.9716981132075472,0.0,0.0
Explain gradient descent simply.,2,"If you have multiple paths, then the same formula will work for all of them:
- = 1 - (1 * x)+(i + j*x+y)*(0/3)-5px%\sqrt{7}{4}\right)\]",0.503497807017544,0.36618201754385965,85.13947368421054,24.0,4.666666666666667,24,0.9310344827586207,0.0,0.0
Explain gradient descent simply.,3,"The code can be found at www\githubusercontent\.com/videogamesharker/spider_mapcrafter \ and is located in the GitHub repository:
- Example 3 - A simple Spiderscape map based on a custom, animated SpiderMan (which does not need any additional modifications to make it work): https://www!youtube?feature=player%3Aembedded&hl=-1M0gHjNwOiU9tDkZ8fLnXlxB7RJq6EzYQG",0.08620894348563371,0.14024117458279847,7.218421052631584,11.0,7.780487804878049,41,0.9387755102040817,0.0,0.0
What is a transformer model?,0,"A: The transformers are simply components of the same design. They do not have to be identical in all ways, but they can still vary greatly depending on what shape and size you choose to make them from. If we want some examples for our example I've included those at least once (the only thing wrong with doing that).

 [1] http://www_dicktiger2browsing-blog/index...x5e6a7c01f3ec83589084ab60bf9468085 . You may also notice these things about",0.3294727625393996,0.31522813299232744,67.65647058823532,11.5,5.391304347826087,69,0.9315068493150684,0.0,0.0
What is a transformer model?,1,"A transformer can either be an isolated or combined circuit, in which case it will use some of the existing circuits (like CTCM/TEM) to generate power. The combination from each component would then run on top and over different wires for various times when needed by your application(s). In this example we are using NXP as our source so that you don't need any special programming knowledge about how much voltage per watt changes during these combinations such I was only going with 1 volt while running my own 2nd generation generator at 60 Hz but there were many others who could produce",0.19558117017825769,0.25385016181229786,40.569190938511355,34.333333333333336,4.757281553398058,103,0.9811320754716981,0.0,0.0
What is a transformer model?,2,"A typical monad with an inverse transform function in the type of m : Int where i = 0 , ln: [1, 2], p := rv.Type (m) for k <- 1 do f_=a(k)=fp - bt[i] return xl nr if c <= g then db $ \beta$ epsilon_{j+g}\ldots{xz}.type-of {alpha}{h}\lt{\partial v}} sigma $$ The result has two sides which are treated as separate variables to map over",0.34402762515262525,0.322262728937729,65.52047619047622,22.333333333333332,4.153846153846154,65,0.8571428571428571,0.0,0.0
What is a transformer model?,3,"It's pretty straightforward. If you look at the following diagram of one we'll see that it goes like this:
Notice how, as soon as your input voltage drops below 2 volts and another drop occurs inside its enclosures there will be an ""underload"" (lowest) current flow through each enclosure in order to bring down power draw for other circuits on board until they are fully discharged! For example I've been using some type of high capacity 1v supply with 3 Vdc output so when my transistor starts over again or if she runs out after 10 cycles then all electrical elements within these",0.22084816046951977,0.26909773462783176,46.31870550161814,34.333333333333336,4.669902912621359,103,0.9528301886792453,0.0,0.0
What is supervised learning?,0,"- We provide training in the classroom for students to develop their own personal computer skills. Students learn how to program and use this information, so they can become highly motivated into working on a project that will help them understand what it takes to achieve your goal of becoming an engineer or business strategist with $200K+ annual revenue potential! These are our top 3 courses taught by faculty from around the nation!!

 (Note: There may be additional classes available at other schools if you would like more info about these course offerings.)",0.22294034349548492,0.30839893808855945,46.474782608695676,18.8,5.064516129032258,93,0.9456521739130435,0.14285714285714285,0.0
What is supervised learning?,1,"When you think about it, this will all be very interesting. But we're not going to go into what's the best way for us to train people on how they can do any kind of meaningful work in a group environment like that.""",0.4201415108106847,0.38971397425249177,74.83575581395351,14.666666666666666,4.023255813953488,43,0.9777777777777777,0.14285714285714285,0.0
What is supervised learning?,2,"It's one of the most fundamental concepts that we have. It provides a framework to evaluate data on your model, and allows you (as well as others) not only determine which predictions or assumptions apply for certain types but also how those results are affected by new inputs such like time-dependent changes in weather patterns across different parts when it comes to predicting future climate trends with confidence intervals based upon current information about precipitation volumes during storms—which will be more accurate if these projections were correct at some point! By making this simple training system easy to use over many years our models can become robust enough to",0.13440608730305342,0.3904211555264308,28.697951070336416,36.333333333333336,5.275229357798165,109,0.9285714285714286,0.5714285714285714,0.0
What is supervised learning?,3,"The most common name for it's functions of providing an understanding or a prediction about your program, are the neural networks (NFCs). These nfc models provide insight to how you will perform certain tasks. The key word here that seems somewhat controversial in this section isn't ""neural network"". Instead, 'network' has nothing whatsoever with which I'm interested except perhaps because they're not particularly well understood by neuroscientists and we don`t really know what those mean at all!

 - From: David Hsu <davidhsu@googlemail> To:[email protected",0.23307007893324455,0.3092667785427424,49.3257590361446,16.8,5.690476190476191,84,0.9333333333333333,0.14285714285714285,0.0
Explain backpropagation in easy language.,0,"Use the new syntax for forward-looking statements, such as:
 ""When I use it... , there will be no errors and nothing is wrong."" (possible) In addition to allowing you define a function expression that takes two arguments at once so those three expressions can appear together on an object of same name when used consecutively (""a=b"" ) or only after each other with respect their values separated by commas – this makes using both functions very simple because they may seem like separate names but if done separately then your code won't break! As always…just check out my tutorial",0.24456412143012865,0.3242952741702742,52.05000000000001,25.0,4.8686868686868685,99,0.96,0.14285714285714285,0.0
Explain backpropagation in easy language.,1,"You can do it by:
The first step is to add some data points into the text of a query string using your local XML database (like MySQL, SQL Server or Apache). Then you must create and test parameters for each object that will be generated at runtime before applying them on any other instance when running an example app from GitHub's README file! This article does not cover how all these steps are done with code generator plugins but rather covers this very important topic as well – what happens if there isn't enough information about which objects should generate new ones? It seems like something outtakes",0.24617408252294354,0.2862810260903427,53.17907710280376,27.0,4.666666666666667,108,0.9541284403669725,0.0,0.0
Explain backpropagation in easy language.,2,"Git: git diff <a href=""https://github,bundlesite-dev@listsupreneworld.org/bitcoin"">Bundle for BSD bsd 1 and 2</ a > - https : // github . com / cgminergitlab bitcoin "" --binary=1f0d00da3599c3e9fdbe6ca2ad4bc7fc391855bbdb8ea83ba90af5ed44385976fa60ac4910"" , commit 154217dd58ae45fe7537ee",0.07344683706816055,0.11136011904761903,1.2583333333333258,9.333333333333334,9.178571428571429,28,0.7931034482758621,0.0,0.0
Explain backpropagation in easy language.,3,1 2 3 4 5 6 7 8 9 10 11 12 13 14 15 16 17 18 19 20 21 22 23 24 25 26 27 28 29 30 31 32 33 34 35 36 37 38 39 40 41 42 43 44 45 46 47 48 49 50 51 52 53 54 55 56 57 58 59 60 61 62 63 64 65 66 67 68 69 70 71 72 73 74 75 76 77 78 79 80 81 82 83 84 85 86 87 88 89 90 91 92 93 94 95 96 97 98 99 100 101 102 103 104 105 106 107 108 109 110 111 112 113 114 115 116 117 118 119,0.06270542651022686,0.18270063025210093,1.4500000000000313,119.0,2.092436974789916,119,1.0,0.0,0.0
