prompt,chosen_response,rejected_response,chosen_score,rejected_score,reward_type
Explain an API in simple terms.,"You can even use the interface of a website to generate and publish content from data, which is known as ""data mining"". It's basically just using that new technology or techniques for generating images by hashing (as opposed: making them more interesting) HTML files on top of what you see online - this gives it unique access without exposing your users' private information like their name-value pairs!","The first part of the code above can be found on github, here: https://githubusercontent/bobotzus/kop-python2 - It's pretty much 100% boilerplate for python 2 and 3 using pypy (http:/www?p=53477) but with a few more features added by Google we've gotten around this somewhat quickly! The rest is completely trivial to add so if you want just start from scratch do it yourself :) You could even take your own Python app or use kpop_main__ as root without any extra steps ;) Also",0.3289347063384378,0.30654246201329544,balanced
Explain backpropagation in easy language.,"Use the new syntax for forward-looking statements, such as:
 ""When I use it... , there will be no errors and nothing is wrong."" (possible) In addition to allowing you define a function expression that takes two arguments at once so those three expressions can appear together on an object of same name when used consecutively (""a=b"" ) or only after each other with respect their values separated by commas – this makes using both functions very simple because they may seem like separate names but if done separately then your code won't break! As always…just check out my tutorial","Git: git diff <a href=""https://github,bundlesite-dev@listsupreneworld.org/bitcoin"">Bundle for BSD bsd 1 and 2</ a > - https : // github . com / cgminergitlab bitcoin "" --binary=1f0d00da3599c3e9fdbe6ca2ad4bc7fc391855bbdb8ea83ba90af5ed44385976fa60ac4910"" , commit 154217dd58ae45fe7537ee",0.3242952741702742,0.11136011904761903,balanced
Explain cloud computing to a school student.,"""What this means is that if we put in all the computational power, what's possible?"" he said, ""you can have something like an online learning environment.""","The system was designed for students who would take on an additional project or work in the lab, but it isn't necessary as many of them will only be able use their computer when they're ready and don' mind having some time off between classes while doing other things besides watching TV at home rather than all day long classwork with friends (as opposed that can happen if you do anything more intensive), so I think this is probably what's required most out there…",0.31685,0.1542857142857143,balanced
Explain gradient descent simply.,"If you have multiple paths, then the same formula will work for all of them:
- = 1 - (1 * x)+(i + j*x+y)*(0/3)-5px%\sqrt{7}{4}\right)\]","The code can be found at www\githubusercontent\.com/videogamesharker/spider_mapcrafter \ and is located in the GitHub repository:
- Example 3 - A simple Spiderscape map based on a custom, animated SpiderMan (which does not need any additional modifications to make it work): https://www!youtube?feature=player%3Aembedded&hl=-1M0gHjNwOiU9tDkZ8fLnXlxB7RJq6EzYQG",0.36618201754385965,0.14024117458279847,balanced
Explain machine learning in simple words.,"The goal of this project was to create a proof-of--and hopefully, more efficient -- way for you and your teams to quickly identify concepts that might be interesting or complex using only just one keyword: semantic markup language (MSS). You could use the following code snippet as an example if it worked well enough with our algorithm :
( defn list [ data ] ([ self , key1 ], { 'label' => val ; }) # let's build some text over each value ... end ) @xmlns 1 2 3 4 5 6 7 8 9 10 11 12 13 14 15 16",,0.39219038530239986,-0.3,balanced
Explain reinforcement learning simply.,"In addition, for a more advanced training set the following techniques can be used: In-person performance tests such as these may also have some success if done in advance and on time (such testing is useful to minimize distractions). Also check out other articles like this one by John Gough that explore how an exercise program works when you are doing it yourself!","If it works for you, then make sure that the training your brain is capable of doing doesn't break down into a single code snippet or function by individual parts and sub-parts (think about an 8×8 computer). Instead start out with some simple tasks like selecting colors based on their shape to identify which areas are good enough!
The next step should be getting familiarizing yourself when performing repetitive exercises such as running one round at 100% intensity in order not get overwhelmed all over again; instead find ways around these repetitions so much easier during exercise sessions rather than just focusing on this tiny bit",0.3193864087301587,0.2338631289308177,balanced
What is a database?,"A Database represents an object and its data. It contains one or more tables, columns, relationships, objects that are the result of mutation for each table entry in it which might be used to create new ones as well (for instance :table ""hello world"") but without having too much information about them from other fields; this value may also contain values pertaining to additional field types such like:columns {} . For example - name , type =name + 4 ; ... etc... databases can then use these special parameters on their own using 'get' function(data) where we'll return","The primary advantage of this article will be to outline some basic concepts about how we use relational databases. One idea that I have heard people give, which helps me understand the concept better in my own words as well as elsewhere on Stack Overflow and other forums (and also at Medium), isn't using SQLite or any sort ""database abstraction"" for managing data – it's simply an application framework designed with two main goals: providing consistency across all workloads under different scenarios; preventing performance degradation by adding new features such from time-to–time changes so they don`t become more expensive than",0.3572746026295133,0.2090111201298702,balanced
What is a neural network for a beginner?,"A brain scan, if you will, helps identify which neurons are involved. The question now becomes how do the brains of experienced users be better trained than those that aren't so good at understanding what's going on in their minds and body (and then learn to react appropriately).
-Anecdotal evidence suggests: ""It may very well happen we'll all find our way up this list."" I think it would benefit us not only by finding an easy approach but also because most people tend towards more formal work rather soon after starting out or simply learning about something online through reading books! So as","A Neural Network provides the basics of an intelligent system to assist you with learning. It also helps developers understand how your coding language will look, and provide examples in what it might be used by others on their team as well. You can learn more about this basic set-up here: http://technetworkstationfoundationgreenendframework2/learning-the...",0.36021774878640783,0.2891907051282052,balanced
What is a transformer model?,"A typical monad with an inverse transform function in the type of m : Int where i = 0 , ln: [1, 2], p := rv.Type (m) for k <- 1 do f_=a(k)=fp - bt[i] return xl nr if c <= g then db $ \beta$ epsilon_{j+g}\ldots{xz}.type-of {alpha}{h}\lt{\partial v}} sigma $$ The result has two sides which are treated as separate variables to map over","A transformer can either be an isolated or combined circuit, in which case it will use some of the existing circuits (like CTCM/TEM) to generate power. The combination from each component would then run on top and over different wires for various times when needed by your application(s). In this example we are using NXP as our source so that you don't need any special programming knowledge about how much voltage per watt changes during these combinations such I was only going with 1 volt while running my own 2nd generation generator at 60 Hz but there were many others who could produce",0.322262728937729,0.25385016181229786,balanced
What is blockchain in plain English?,"If you don't know what it's for, read up on the basics. Blockchain represents a network of digital assets and transactions that can be traded using any way imaginable from your smartphone or tablet to online payment service providers such as PayPal (paypal). The most common method used by banks are credit cards , which allow customers with money transfers like bank accounts but also often carry additional fees associated if they attempt an out-of-$200 transfer over those same lines."" ""As well - bitcoin has recently become more widely available internationally compared against traditional currencies,"" says David Fenton, founder at CoinMarketCap","First, here's a basic idea: decentralized applications are not just the next frontier for mobile apps. They also represent an opportunity to build more powerful distributed systems and processes than ever before (like Twitter or Facebook). These kinds of technologies have been around since time immemorial; there were even examples early on when smart contracts could be used as payment solutions by banks — but they quickly turned into ""disruptive"" products that created their own problems with people using them every day. The best known example involves Bitcoin itself, which was designed from start-to/bottom up based upon consensus between parties",0.358710439034975,0.2764233360389611,balanced
What is overfitting in machine learning?,"You probably don't know. However, there's a lot of information you can gain from an algorithm and its properties that makes it suitable for your needs because the underlying data itself looks like something ordinary: An object with no features (or even any kind) does not matter as long ago AS-AS are still relevant to what we want or need so far at least when solving our problems; some things look interesting now but were just then discarded due their nonlinearity which was important if anything else would have changed this year! In fact many people use Machine Learning only through algorithms called predictive model building","The above statement should be taken with a grain of salt. In this case, the idea that every single computation will go to something else (which makes sense given how often you can use your favorite programming language on it), seems very naïve and misguided at best. But what if we could also consider data structures as well... The answer would seem to lie somewhere along these lines: Data Structures are not just some sort ""magic bullet"" for understanding artificial intelligence or AI algorithms - they're actually an important tool used by researchers looking to understand their own codebase so far! So let's start from",0.462776201707098,0.3729844688644689,balanced
What is supervised learning?,"It's one of the most fundamental concepts that we have. It provides a framework to evaluate data on your model, and allows you (as well as others) not only determine which predictions or assumptions apply for certain types but also how those results are affected by new inputs such like time-dependent changes in weather patterns across different parts when it comes to predicting future climate trends with confidence intervals based upon current information about precipitation volumes during storms—which will be more accurate if these projections were correct at some point! By making this simple training system easy to use over many years our models can become robust enough to","- We provide training in the classroom for students to develop their own personal computer skills. Students learn how to program and use this information, so they can become highly motivated into working on a project that will help them understand what it takes to achieve your goal of becoming an engineer or business strategist with $200K+ annual revenue potential! These are our top 3 courses taught by faculty from around the nation!!

 (Note: There may be additional classes available at other schools if you would like more info about these course offerings.)",0.3904211555264308,0.30839893808855945,balanced
