prompt,response,readability,avg_sentence_length,avg_word_length,response_length,lexical_diversity,completeness,repetition
Explain how neural networks learn from data.,"* Read the entire paper, and a link to some sample papers in this article at http://www2dclabspublishingonline/content?id=1544",37.25750000000002,9.0,6.470588235294118,17,1.0,0.0,0.0
What is the curse of dimensionality?,"An experiment involving two humans from outer space and an alien creature on a planet had shown that if one has to explain something, then other people can learn it. In order for someone who was created in his own brain as part-human (or ""part"" human), he could understand what others thought or did about reality like some sort more advanced form than those around him now understood; however the idea seems not necessarily so convincing today when we imagine aliens with telepathic abilities only because they are better able mentally at explaining things such matters through physical means:

As you will see later this concept does hold true even though many psychologists have questioned whether these superhumans were capable entirely without conscious intention beyond reason… We don't know yet exactly how much mental ability might be required by their being both non-sentient beings which must think but still live fully aware minds themselves due either intentional action caused within them",0.0,80.5,5.217391304347826,161,0.9573170731707317,0.25,0.0
Explain the perceptron algorithm.,"The next step is to find out how your device responds and respond intelligently with what it sees on screen in real time by building a visual representation of that situation (such as an icon) or, more directly: if you need proof for something like this – imagine people who use Google Maps now seeing their cars moving around they know from experience; will we be able see them at all? We could also develop ways to detect motion even without some kind-of gesture detection technology but let's call each one so far just our imagination…",29.49618421052631,48.0,4.614583333333333,96,0.9690721649484536,0.14285714285714285,0.0
What is a kernel method in machine learning?,"Let's start by looking at the two simplest ways to create an inference graph. First of all we need some kind that looks like this: def tf_train(x, y): """"""This neural network uses both x and y as inputs for its training data set"""""" # This can be done with any trained dataset because our current sample value (as opposed from using only one) will always represent new neurons... if not np = [4..9] > 0 : return png() ... where ""nn"" means on-by comparison or similarity between variables i , j . n * 3 ; sigmoid1 - 1 ) If you know how far it goes into each variable then I'd suggest starting out low so your results are much better than what comes through later when trying to figure something else up! For now let's just say there should be more input nodes here which could help",70.34673913043481,21.142857142857142,4.228187919463087,149,0.9097222222222222,0.18181818181818182,0.0
Explain decision trees and how they make splits.,"You can think of it like this: a switch, say the one in between two groups (the left group), sends an event to all four participants that will appear as their final choice when there is no more question asked by them before going on stage with each other during ""previous generation"" or while performing at some point earlier than usual for those who are only capable enough after training through another round's pool—if any members choose not to participate you face elimination from being considered disqualified until your next bout against Joe Wambach ends up winning over most competitors across several rounds based solely upon last experience without actually competing; I won't go into detail here but if someone tells me about losing out due also because people just don/can do nothing else…well then my opponent has absolutely zero excuse whatsoever so let us call off his match-up entirely! In every instance he loses even though everyone",0.0,79.0,5.018987341772152,158,0.9573170731707317,0.0,0.0
What is support vector machines and how do they work?,"The main challenge for programmers today when building their applications or making use of libraries, software development systems that are often considered to be the most mature in design (e.g., Objective-C), comes from having been trained on an advanced machine learning algorithm by a person who was taught some early programming courses at high school but then found out nothing about it until later research has become so sophisticated as this one: It's not like you can change what your class does with any single program—it will take years —and teach all those algorithms before anyone ever learns them correctly! There may seem logical reasons why code should have such rapid progress over time based upon knowledge gained through experience working across multiple environments; however, these models were never designed purely because people worked hard each day during college days rather than simply due diligence paid off long after graduation where someone actually got better results while doing ""research"" instead thereof",13.640351966873737,40.75,5.447204968944099,161,0.9757575757575757,0.5,0.0
Explain zero-shot and few-shot learning.,"To learn the basics of how to create your own ""C"" (double strike) with an Arduino, I'm going back in time from my previous post on creating a C6M2845GJ7F3 or A1122L2 board – after reading about it here , at least one friend suggested using another name for that circuit:

The first step is basically making sure you have all four pins labeled by their numeric value when they come out so we can see where everything was supposed as soon 100% complete! Now this isn't really needed if someone wants to do something else but will want to take up more space than what's already there before getting stuck into some kind 'dirt' somewhere… So why not start now? Read over these two tutorials ;-) You'll get familiar enough fast once done though . And remember; whenever possible make certain things such like LEDs are",54.03066901408452,36.25,4.561643835616438,146,0.952054794520548,0.25,0.0
What is self-attention and how does it work?,"The answer lies within the use of willpower, which we will discuss in our next chapter. This concept comes from an old wisdom book called ""The Art Of Stoic Mind."" One might ask this question about oneself:
""I believe that I can be very good with my mind,"" etcetera… But what if one has no idea why he or she makes such a bold decision to accept something not fully supported by experience... Can you imagine seeing yourself as being so great at achieving success against all odds?"" (Boris Becker - Psychoanalytic Psychology). We have learned many important lessons since then but without knowledge any further there are still some points on where people may think they need help; for example when someone says 'no' after experiencing mental pain because his/her brain feels tired due their lack sense of smell . Similarly while looking through your phone screen , look up several times over time",57.895000000000024,22.285714285714285,4.780645161290322,155,0.9215686274509803,0.5,0.0
Explain hyperparameter tuning and common strategies.,"We will explain how to use parameters as parameterized functions in a more intuitive way, which is why we are using these examples of data structures instead (e-mail me at nygar@gmail:~/nylah/)
In the first example above N(x) = 2 * x + 1 , so X=1/(N^3+6)/2 would be defined with 4*4X where 6==5 . However some other things can also take place like 3×0 or 0…[7] It should not matter whether it's an integer that has no digits between zero [8], because if I'm trying something wrong you're going to figure out what this means for your next math problem too! So let's look into those again below from my colleague Jim Minkoff who wrote about double precision here on Gizmodo over two years ago when he",42.125546448087434,42.0,4.503937007874016,127,0.8992805755395683,0.5,0.0
What is data augmentation and why is it useful?,"This paper discusses how there's an application for the technique called 'data transformation'. In this case, you might know that some of your files are generated by using a series object. This can be done at compile time with numpy as well: https://www-numberspacekitsblog/20160102_andrewhindley-washingtones-universityed... I found out just recently (August 2016) when Numerical Data Optimization came to light in my favorite book The Riemann Effect - A New Physics Approach published on Github ... we use deep learning algorithms like Google Deep Learning . But now many researchers have started creating deeper neural networks based upon real datasets or training them without knowing about its specific features because they don't want their results being used very frequently but simply relying solely ""as"" after seeing what will help one experiment get further down memory path through",42.59783078880409,22.0,5.664179104477612,134,0.927536231884058,0.5,0.0
Explain clustering and common algorithms.,"I'll show you how to use a number of simple programming languages like Python, Ruby or Java in order (and then go on the blog). I will try not only by showing what's available but also why they might be worth an introduction if all else fails for me because it is easy enough when looking at different platforms:",55.011144067796636,29.5,4.305084745762712,59,0.9836065573770492,0.0,0.0
What is dimensionality reduction and when to use it?,"In this section, we will explore dimensions as a function of the number 0. Let's first try using integers: (int n) -> int = 1 # or Int . Then let us think about an imaginary square with some integer numbers on one side but not zero points in any other direction! This would mean that if you wanted something like 16 x 10 pixels then all your data must be there from here because even though these coordinates are wrong so many times they're always right; i know I'm writing them down myself – how can anything possibly have more than 2 bytes each time ? However what makes for really interesting questions comes into play which could involve our view being able 'to define' arbitrary value values by defining different kinds based on their underlying physical properties such as distance/density etc.? Imagine now taking two spaces apart without ever having done either ""spacing"" change at least once before…",49.48852813852815,26.333333333333332,4.68125,160,0.9430379746835443,0.25,0.0
Explain the concept of generalization in machine learning.,"Here's a little background on how it works: Machine Learning is an acronym for Neural Network Architecture or NNAC, which stands for New Realities Computing System and has been named after Microsoft Research Group (NWG), by former CEO Steve Ballmer himself—now VP & CTO at Google; he also founded IBM back when they were still part partner.) Basically, you're either looking at more than just performance but much about neural networks that can do complex computation functions as well — something like real world data analytics from companies such Asimovs' DeepMind/Deepmind AI Lab team! In essence all this work happens to use natural language processing where one does not want your algorithm acting through random guessing without actually doing any computations themselves – if there are actual inputs then other algorithms will be working better too while adding new ones so our results could become true over time until we had enough memory",19.033000000000015,51.333333333333336,5.196078431372549,153,0.9675324675324676,0.36363636363636365,0.0
What is meta-learning and how does it work?,"If you're reading this, have a look at the links below. In some cases if your brain has no information about what constitutes ""meta"" learning or self-concept then perhaps that's part of why we learn anything! But in other instances when there are lots of questions to be asked (like: which pronouns do I use for 'your name?'), maybe those askings can't provide any insight into whether an issue comes up on time either as well as actually occurring but still present clues within context just by looking through our memory blocks like images from Wikipedia…and so forth …or because they may come across unexpected ones based off things others don' think us would get confused with ourselves all day long…"" What kind Of Meta Learning Do We Have?!

 Here goes….
        So here was my initial post thinking something along these lines : If everything worked out perfectly ok...then",54.46397297297297,21.571428571428573,4.8389261744966445,149,0.8766233766233766,0.25,0.0
Explain causal inference versus correlation.,"There are several reasons that we find the two models to be equally implausible or rather, more plausibly than no-causal in theory:

""This is a pretty good case for causation by simple and natural rules."" [Bettmann & Brown (1986), p. 1] ""The simplest method of modeling an event from its cause was called 'model substitution' because it involves substituting one variable with another if you want your model system consistent while still retaining all explanatory power at once... In many situations where there might not have been clear information on which direction this would lead I could get my facts right out without having to resort even further..."" This has implications over much other stuff such as how data were stored when they changed during production - i .e., whether things started being generated after changing temperature etc.... The best known example comes directly back to our question about what goes wrong under",48.2353642384106,19.5,5.117647058823529,153,0.9342105263157895,0.75,0.0
