step,prompt,response,reward
0,Explain machine learning in simple words.,"

Learn simple words

Learn English

Learn Russian

Learn Chinese

Learn French

Learn German

Learn Italian

Learn Japanese

Learn Norwegian

Learn Polish

Learn Portuguese

Learn Spanish

Learn Spanish-Style Russian

Learn Swedish

Learn Turkish

Learn Arabic

Learn Russian


Learn Russian

Learn Russian-Style German

Learn German-Style Spanish

Learn French-Style Japanese

Learn Russian


Learn French-Style Japanese

Learn Japanese-Style Chinese

Learn Chinese-Style Italian

Learn Spanish-Style Korean

Learn Chinese


Learn Japanese-Style Korean

Learn Japanese

Learn Japanese


Learn Korean-Style Korean

Learn Japanese-Style Japanese-Style Turkish

Learn German-Style German

Learn German-Style French-",2.6142401695251465
10,What is a neural network for a beginner?,"

What can I learn from an experienced brain scientist with my current research?

Are there any great things I haven't learned about neural networks?

I'm in a position to do this:

I was going to have a fun experience with the first real neural network, and had to wait around a month to do it.

How has it been going so far?",9.007847785949707
20,Explain reinforcement learning simply.," The ""D-layer"" is a combination of the ""D-layer"" part of the reinforcement (D1-D3, with the ""D-layer"" being the rest of the network). However, the ""D"" of the second layer is only for learning of the same thing at the beginning, so you do not have enough time to learn it in two different ways, you could just replace the entire list of reinforcement reinforcement learning, and finally it should be so easy it will just be 1D-D-layer, you have to try it with the ""D"" of the first layer for the first time, and you can do that with any d-layer and then by the ""A"" of the first layer we just learn the same thing on the other way.

How to use d-layer and d-layer reinforcement learning in a single layer on the data",4.6576409339904785
29,What is a recurrent neural network and when do we use it?," (and how do we use it??)

We will take a long time with a recurrent neural network - how can it be used for everyday, without being implemented into a long postscript to implement it.",8.596440315246582
